run_id;id;slug;url;titre;wilaya;date_parution_fr;type_annonce;secteur;detail_source;annonceur;code_annonce;montant;date_echeance;scraped_at
2026-09-05_00-26-36;68322;687582-fourniture-des-ingredients-ferments-lactiques-penicillium-et-presure;https://algeriemarches.com/annonces/687582-fourniture-des-ingredients-ferments-lactiques-penicillium-et-presure;Fourniture des ingrédients (ferments lactiques, penicillium et présure).;Sidi Bel Abbès;03-09-2026;Attributions;Agro-alimentaire et Alimentation;html;;;;;2026-09-05T00:26:39.953123
2026-09-05_00-26-36;68241;473607-fourniture-pose-et-mise-en-service-dun-refroidisseur-de-liquide-a-condensation-par-aire;https://algeriemarches.com/annonces/473607-fourniture-pose-et-mise-en-service-dun-refroidisseur-de-liquide-a-condensation-par-aire;Fourniture, pose et mise en service d'un refroidisseur de liquide à condensation par aire;Sidi Bel Abbès;03-09-2026;Attributions;Équipements Industriels, Outillage et Pièces Détachées;html;;;;;2026-09-05T00:26:41.088285
2026-09-05_00-26-36;68301;755568-fourniture-de-solutions-de-securite-informatique-et-services-connexes;https://algeriemarches.com/annonces/755568-fourniture-de-solutions-de-securite-informatique-et-services-connexes;Fourniture de solutions de sécurité informatique et services connexes;Alger;03-09-2026;Attributions;Informatique et Bureautique;html;;;;;2026-09-05T00:26:42.121949
2026-09-05_00-26-36;68183;921708-approvisionnement-en-fourniture-de-bureau-consommables-informatique-et-de-reprographie-de-qualite-originale-pour-le-groupe-saidal;https://algeriemarches.com/annonces/921708-approvisionnement-en-fourniture-de-bureau-consommables-informatique-et-de-reprographie-de-qualite-originale-pour-le-groupe-saidal;Approvisionnement en fourniture de bureau, consommables informatique et de reprographie de qualité ORIGINALE, pour le Groupe SAIDAL,;Alger;03-09-2026;Attributions;Ameublement et Mobilier;html;;;;;2026-09-05T00:26:43.347183
2026-09-05_00-26-36;68377;727829-fourniture-des-equipements-bureautique-et-informatiques-au-profit-du-centre-de-proximite-des-impots-ghazaouet;https://algeriemarches.com/annonces/727829-fourniture-des-equipements-bureautique-et-informatiques-au-profit-du-centre-de-proximite-des-impots-ghazaouet;Fourniture des équipements bureautique et informatiques au profit du centre de proximité des impôts Ghazaouet;Tlemcen;03-09-2026;Attributions;Ameublement et Mobilier;html;;;;;2026-09-05T00:26:44.428929
2026-09-05_00-26-36;68002;532951-fourniture-des-produits-radio-pharmaceutiques-prp;https://algeriemarches.com/annonces/532951-fourniture-des-produits-radio-pharmaceutiques-prp;Fourniture des produits radio pharmaceutiques (PRP);Alger;03-09-2026;Attributions;Équipements Scientifiques et Laboratoires;html;;;;;2026-09-05T00:26:45.466200
2026-09-05_10-16-36;68377;727829-fourniture-des-equipements-bureautique-et-informatiques-au-profit-du-centre-de-proximite-des-impots-ghazaouet;https://algeriemarches.com/annonces/727829-fourniture-des-equipements-bureautique-et-informatiques-au-profit-du-centre-de-proximite-des-impots-ghazaouet;Fourniture des équipements bureautique et informatiques au profit du centre de proximité des impôts Ghazaouet;Tlemcen;03-09-2026;Attributions;Ameublement et Mobilier;html;;;;;Appels d'offres nationaux ouverts;RESTRICTED;2026-09-05T10:16:41.716948
2026-09-05_10-16-36;68183;921708-approvisionnement-en-fourniture-de-bureau-consommables-informatique-et-de-reprographie-de-qualite-originale-pour-le-groupe-saidal;https://algeriemarches.com/annonces/921708-approvisionnement-en-fourniture-de-bureau-consommables-informatique-et-de-reprographie-de-qualite-originale-pour-le-groupe-saidal;Approvisionnement en fourniture de bureau, consommables informatique et de reprographie de qualité ORIGINALE, pour le Groupe SAIDAL,;Alger;03-09-2026;Attributions;Ameublement et Mobilier;html;;;;;Appels d'offres nationaux ouverts;RESTRICTED;2026-09-05T10:16:42.924909
2026-09-05_10-28-47;68866;530391-alimentation-scolaire;https://algeriemarches.com/annonces/530391-alimentation-scolaire;Alimentation scolaire ;Mila;03-09-2026;Attributions;Agro-alimentaire et Alimentation;;;;;;;;unknown;2026-09-05T10:28:56.867547
2026-09-05_10-28-47;68377;727829-fourniture-des-equipements-bureautique-et-informatiques-au-profit-du-centre-de-proximite-des-impots-ghazaouet;https://algeriemarches.com/annonces/727829-fourniture-des-equipements-bureautique-et-informatiques-au-profit-du-centre-de-proximite-des-impots-ghazaouet;Fourniture des équipements bureautique et informatiques au profit du centre de proximité des impôts Ghazaouet;Tlemcen;03-09-2026;Attributions;Ameublement et Mobilier;;;;;;;;unknown;2026-09-05T10:28:57.727649
2026-09-05_10-41-19;68866;530391-alimentation-scolaire;https://algeriemarches.com/annonces/530391-alimentation-scolaire;Alimentation scolaire ;Mila;03-09-2026;2026-11-30;Attributions;Consultation nationale ouverte;Agro-alimentaire et Alimentation;Commune d'Ouled Khalouf;07/2026;قرين خالد;;;;https://api.algeriemarches.com/api/images/AM_68866_202695_92623_27648_ad.jpg;;;ACTIVE;2026-09-05T10:41:23.778684
2026-09-05_10-41-19;68377;727829-fourniture-des-equipements-bureautique-et-informatiques-au-profit-du-centre-de-proximite-des-impots-ghazaouet;https://algeriemarches.com/annonces/727829-fourniture-des-equipements-bureautique-et-informatiques-au-profit-du-centre-de-proximite-des-impots-ghazaouet;Fourniture des équipements bureautique et informatiques au profit du centre de proximité des impôts Ghazaouet;Tlemcen;03-09-2026;2026-11-30;Attributions;Appels d'offres nationaux ouverts;Ameublement et Mobilier, Informatique et Bureautique;Direction des impôts de la wilaya de tlemcen;01/2026;EURL BUREAU PLUS;;2631012970;CAP DZ;https://api.algeriemarches.com/api/images/AM_68377_202693_12557_34829_ad.jpg;https://api.algeriemarches.com/api/images/AM_68377_202693_12557_95998_ad.jpg;;ACTIVE;2026-09-05T10:41:24.965542
2026-09-05_10-41-40;68866;530391-alimentation-scolaire;https://algeriemarches.com/annonces/530391-alimentation-scolaire;Alimentation scolaire ;Mila;03-09-2026;2026-11-30;Attributions;Consultation nationale ouverte;Agro-alimentaire et Alimentation;Commune d'Ouled Khalouf;07/2026;قرين خالد;;;;https://api.algeriemarches.com/api/images/AM_68866_202695_92623_27648_ad.jpg;;;ACTIVE;2026-09-05T10:41:45.382105
2026-09-05_10-41-40;68377;727829-fourniture-des-equipements-bureautique-et-informatiques-au-profit-du-centre-de-proximite-des-impots-ghazaouet;https://algeriemarches.com/annonces/727829-fourniture-des-equipements-bureautique-et-informatiques-au-profit-du-centre-de-proximite-des-impots-ghazaouet;Fourniture des équipements bureautique et informatiques au profit du centre de proximité des impôts Ghazaouet;Tlemcen;03-09-2026;2026-11-30;Attributions;Appels d'offres nationaux ouverts;Ameublement et Mobilier, Informatique et Bureautique;Direction des impôts de la wilaya de tlemcen;01/2026;EURL BUREAU PLUS;;2631012970;CAP DZ;https://api.algeriemarches.com/api/images/AM_68377_202693_12557_34829_ad.jpg;https://api.algeriemarches.com/api/images/AM_68377_202693_12557_95998_ad.jpg;;ACTIVE;2026-09-05T10:41:46.453092
2026-09-05_10-42-18;68866;530391-alimentation-scolaire;https://algeriemarches.com/annonces/530391-alimentation-scolaire;Alimentation scolaire ;Mila;03-09-2026;2026-11-30;Attributions;Consultation nationale ouverte;Agro-alimentaire et Alimentation;Commune d'Ouled Khalouf;07/2026;قرين خالد;;;;https://api.algeriemarches.com/api/images/AM_68866_202695_92623_27648_ad.jpg;;;ACTIVE;2026-09-05T10:42:25.658366
2026-09-05_10-42-18;68377;727829-fourniture-des-equipements-bureautique-et-informatiques-au-profit-du-centre-de-proximite-des-impots-ghazaouet;https://algeriemarches.com/annonces/727829-fourniture-des-equipements-bureautique-et-informatiques-au-profit-du-centre-de-proximite-des-impots-ghazaouet;Fourniture des équipements bureautique et informatiques au profit du centre de proximité des impôts Ghazaouet;Tlemcen;03-09-2026;2026-11-30;Attributions;Appels d'offres nationaux ouverts;Ameublement et Mobilier, Informatique et Bureautique;Direction des impôts de la wilaya de tlemcen;01/2026;EURL BUREAU PLUS;;2631012970;CAP DZ;https://api.algeriemarches.com/api/images/AM_68377_202693_12557_34829_ad.jpg;https://api.algeriemarches.com/api/images/AM_68377_202693_12557_95998_ad.jpg;;ACTIVE;2026-09-05T10:42:26.887980
2026-09-05_12-00-02;68377;727829-fourniture-des-equipements-bureautique-et-informatiques-au-profit-du-centre-de-proximite-des-impots-ghazaouet;https://algeriemarches.com/annonces/727829-fourniture-des-equipements-bureautique-et-informatiques-au-profit-du-centre-de-proximite-des-impots-ghazaouet;Fourniture des équipements bureautique et informatiques au profit du centre de proximité des impôts Ghazaouet;Tlemcen;03-09-2026;2026-11-30;Attributions;Appels d'offres nationaux ouverts;Ameublement et Mobilier, Informatique et Bureautique;Direction des impôts de la wilaya de tlemcen;01/2026;EURL BUREAU PLUS;;2631012970;CAP DZ;https://api.algeriemarches.com/api/images/AM_68377_202693_12557_34829_ad.jpg;https://api.algeriemarches.com/api/images/AM_68377_202693_12557_95998_ad.jpg;;ACTIVE;2026-09-05T12:00:08.345572
2026-09-05_12-56-04;68377;727829-fourniture-des-equipements-bureautique-et-informatiques-au-profit-du-centre-de-proximite-des-impots-ghazaouet;https://algeriemarches.com/annonces/727829-fourniture-des-equipements-bureautique-et-informatiques-au-profit-du-centre-de-proximite-des-impots-ghazaouet;Fourniture des équipements bureautique et informatiques au profit du centre de proximité des impôts Ghazaouet;Tlemcen;03-09-2026;2026-11-30;Attributions;Appels d'offres nationaux ouverts;Ameublement et Mobilier, Informatique et Bureautique;Direction des impôts de la wilaya de tlemcen;01/2026;EURL BUREAU PLUS;;2631012970;CAP DZ;https://api.algeriemarches.com/api/images/AM_68377_202693_12557_34829_ad.jpg;https://api.algeriemarches.com/api/images/AM_68377_202693_12557_95998_ad.jpg;;<p>Fourniture des équipements bureautique et informatiques au profit du centre de proximité des impôts Ghazaouet</p>;0;2026-09-03;ACTIVE;2026-09-05T12:56:33.915237
2026-09-05_12-56-44;68377;727829-fourniture-des-equipements-bureautique-et-informatiques-au-profit-du-centre-de-proximite-des-impots-ghazaouet;https://algeriemarches.com/annonces/727829-fourniture-des-equipements-bureautique-et-informatiques-au-profit-du-centre-de-proximite-des-impots-ghazaouet;Fourniture des équipements bureautique et informatiques au profit du centre de proximité des impôts Ghazaouet;Tlemcen;03-09-2026;2026-11-30;Attributions;Appels d'offres nationaux ouverts;Ameublement et Mobilier, Informatique et Bureautique;Direction des impôts de la wilaya de tlemcen;01/2026;EURL BUREAU PLUS;;2631012970;CAP DZ;https://api.algeriemarches.com/api/images/AM_68377_202693_12557_34829_ad.jpg;https://api.algeriemarches.com/api/images/AM_68377_202693_12557_95998_ad.jpg;;<p>Fourniture des équipements bureautique et informatiques au profit du centre de proximité des impôts Ghazaouet</p>;0;2026-09-03;ACTIVE;2026-09-05T12:56:49.717852
